{
	"parent": "block/block",
	"display": {
		"head": {
			"scale": [ 1.201, 1.201, 1.201 ]
		},
		"fixed": {
			"translation": [ 0, 0, -6],
			"scale": [1.333, 1.333, 1.333 ]
		},
		"gui": {
			"rotation": [ 30, 225, 0 ],
			"scale": [ 0.67, 0.67, 0.67 ]
		}
	},
	"textures": {
		"particle": "entity/bat",
		"layer": "entity/bat"
	},
	"elements": [
		{
			"from": [ 2, 2, 2 ],
			"to": [ 14, 14, 14 ],
			"faces": {
				"east":	{ "uv": [ 0  , 1.5, 1.5, 3 ], "texture": "#layer" },
				"north":{ "uv": [ 1.5, 1.5, 3  , 3 ], "texture": "#layer" },
				"west":	{ "uv": [ 3  , 1.5, 4.5, 3 ], "texture": "#layer" },
				"south":{ "uv": [ 4.5, 1.5, 6  , 3 ], "texture": "#layer" },
				"up":	{ "uv": [ 1.5, 0  , 3  , 1.5 ], "texture": "#layer", "rotation": 180 },
				"down":	{ "uv": [ 3  , 0  , 4.5, 1.5 ], "texture": "#layer" }
			}
		},
		{
			"from": [ 0, 12, 4 ],
			"to": [ 6, 20, 6 ],
			"faces": {
				"east":	{ "uv": [ 6   , 0.25, 6.25, 1.25 ], "texture": "#layer" },
				"north":{ "uv": [ 6.25, 0.25, 7   , 1.25 ], "texture": "#layer" },
				"west":	{ "uv": [ 7   , 0.25, 7.25, 1.25 ], "texture": "#layer" },
				"south":{ "uv": [ 7.25, 0.25, 8   , 1.25 ], "texture": "#layer" },
				"up":	{ "uv": [ 6.25, 0   , 7   , 0.25 ], "texture": "#layer", "rotation": 180 },
				"down":	{ "uv": [ 7   , 0   , 7.75, 0.25 ], "texture": "#layer" }
			}
		},
		{
			"from": [ 10, 12, 4 ],
			"to": [ 16, 20, 6 ],
			"faces": {
				"east":	{ "uv": [ 6   , 0.25, 6.25, 1.25 ], "texture": "#layer" },
				"north":{ "uv": [ 6.25, 0.25, 7   , 1.25 ], "texture": "#layer" },
				"west":	{ "uv": [ 7   , 0.25, 7.25, 1.25 ], "texture": "#layer" },
				"south":{ "uv": [ 7.25, 0.25, 8   , 1.25 ], "texture": "#layer" },
				"up":	{ "uv": [ 6.25, 0   , 7   , 0.25 ], "texture": "#layer", "rotation": 180 },
				"down":	{ "uv": [ 7   , 0   , 7.75, 0.25 ], "texture": "#layer" }
			}
		}
	]
}
