{
	"parent": "block/block",
	"display": {
		"head": {
			"scale": [ 2.401, 2.401, 2.401 ]
		},
		"gui": {
			"rotation": [ 30, 225, 0 ],
			"scale": [ 1, 1, 1 ]
		},
		"ground": {
			"rotation": [ 0, 0, 0 ],
			"translation": [ 0, 3, 0],
			"scale":[ 0.4, 0.4, 0.4 ]
		},
		"fixed": {
			"translation": [ 0, 0, -6],
			"scale": [2,2,2 ]
		},
		"thirdperson_righthand": {
			"rotation": [ 75, 45, 0 ],
			"translation": [ 0, 2.5, 0],
			"scale": [ 0.6, 0.6, 0.6 ]
		},
		"firstperson_righthand": {
			"rotation": [ 0, 45, 0 ],
			"translation": [ 0, 0, 0 ],
			"scale": [ 0.64, 0.64, 0.64 ]
		},
		"firstperson_lefthand": {
			"rotation": [ 0, 225, 0 ],
			"translation": [ 0, 0, 0 ],
			"scale": [ 0.64, 0.64, 0.64 ]
		}
	},
	"elements": [
		{
			"from": [ 4, 4, 5 ],
			"to": [ 12, 12, 11 ],
			"faces": {
				"down":	{ "uv": [ 3.5, 0, 5, 3.5 ], "texture": "#layer" },
				"up":	{ "uv": [ 1.5, 0, 3.5, 2.5 ], "texture": "#layer"},
				"north":{ "uv": [ 1.5, 3, 3.5, 7 ], "texture": "#layer" },
				"south":{ "uv": [ 5, 3, 7, 7 ], "texture": "#layer" },
				"west":	{ "uv": [ 3.5, 3, 5, 7 ], "texture": "#layer" },
				"east":	{ "uv": [ 0, 3, 1.5, 7 ], "texture": "#layer" }
			}
		},
		{
			"from": [ 3, 10, 7 ],
			"to": [ 4, 13, 8 ],
			"faces": {
				"down":	{ "uv": [ 6, 0, 6.25, 0.5 ], "texture": "#layer" },
				"up":	{ "uv": [ 5.75, 0, 6, 0.5 ], "texture": "#layer"},
				"north":{ "uv": [ 5.75, 0.5, 6, 2 ], "texture": "#layer" },
				"south":{ "uv": [ 6.25, 0.5, 6.5, 2 ], "texture": "#layer" },
				"west":	{ "uv": [ 6, 0.5, 6.25, 2 ], "texture": "#layer" },
				"east":	{ "uv": [ 5.5, 0.5, 5.75, 2 ], "texture": "#layer" }
			}
		},
		{
			"from": [ 12, 10, 7 ],
			"to": [ 13, 13, 8 ],
			"faces": {
				"down":	{ "uv": [ 6, 0, 6.25, 0.5 ], "texture": "#layer" },
				"up":	{ "uv": [ 5.75, 0, 6, 0.5 ], "texture": "#layer"},
				"north":{ "uv": [ 5.75, 0.5, 6, 2 ], "texture": "#layer" },
				"south":{ "uv": [ 6.25, 0.5, 6.5, 2 ], "texture": "#layer" },
				"west":	{ "uv": [ 6, 0.5, 6.25, 2 ], "texture": "#layer" },
				"east":	{ "uv": [ 5.5, 0.5, 5.75, 2 ], "texture": "#layer" }
			}
		}
	]
}
