{
	"parent": "block/block",
	"display": {
		"head": {
			"scale": [ 2.401, 2.401, 2.401 ]
		},
		"gui": {
			"rotation": [ 30, 225, 0 ],
			"scale": [ 1, 1, 1 ]
		},
		"ground": {
			"rotation": [ 0, 0, 0 ],
			"translation": [ 0, 3, 0],
			"scale":[ 0.4, 0.4, 0.4 ]
		},
		"fixed": {
			"translation": [ 0, 0, -6],
			"scale": [2.667, 2.667, 2.667 ]
		},
		"thirdperson_righthand": {
			"rotation": [ 75, 45, 0 ],
			"translation": [ 0, 2.5, 0],
			"scale": [ 0.6, 0.6, 0.6 ]
		},
		"firstperson_righthand": {
			"rotation": [ 0, 45, 0 ],
			"translation": [ 0, 0, 0 ],
			"scale": [ 0.64, 0.64, 0.64 ]
		},
		"firstperson_lefthand": {
			"rotation": [ 0, 225, 0 ],
			"translation": [ 0, 0, 0 ],
			"scale": [ 0.64, 0.64, 0.64 ]
		}
	},
	"elements": [
		{
			"from": [ 4, 5, 5 ],
			"to": [ 12, 11, 11 ],
			"faces": {
				"east":	{ "uv": [ 0.33, 5.5, 2.33, 8.5 ], "texture": "#layer" },
				"north":{ "uv": [ 2.33, 5.5, 5, 8.5 ], "texture": "#layer" },
				"west":	{ "uv": [ 5, 5.5, 7, 8.5 ], "texture": "#layer" },
				"south":{ "uv": [ 7, 5.5, 9.67, 8.5 ], "texture": "#layer" },
				"up":	{ "uv": [ 2.33, 2.5, 5, 5.5 ], "texture": "#layer", "rotation": 180},
				"down":	{ "uv": [ 5, 2.5, 7.67, 5.5 ], "texture": "#layer" }
			}
		},
		{
			"from": [ 6, 5, 2 ],
			"to": [ 10, 7, 5 ],
			"faces": {
				"east":	{ "uv": [ 2, 10.5, 3, 11.5 ], "texture": "#layer" },
				"north":{ "uv": [ 3, 10.5, 4.33, 11.5 ], "texture": "#layer" },
				"west":	{ "uv": [ 4.33, 10.5, 5.33, 11.5 ], "texture": "#layer" },
				"south":{ "uv": [ 5.33, 10.5, 6.67, 11.5 ], "texture": "#layer" },
				"up":	{ "uv": [ 3, 9, 4.33, 10.5 ], "texture": "#layer", "rotation": 180},
				"down":	{ "uv": [ 4.33, 9, 5.67, 10.5 ], "texture": "#layer" }
			}
		},
		{
			"from": [ 10, 11, 6 ],
			"to": [ 12, 13, 7 ],
			"faces": {
				"east":	{ "uv": [ 2.67, 1, 3, 2 ], "texture": "#layer" },
				"north":{ "uv": [ 3, 1, 3.67, 2 ], "texture": "#layer" },
				"west":	{ "uv": [ 3.67, 1, 4, 2 ], "texture": "#layer" },
				"south":{ "uv": [ 4, 1, 4.67, 2 ], "texture": "#layer" },
				"up":	{ "uv": [ 3, 0.5, 3.67, 1 ], "texture": "#layer", "rotation": 180},
				"down":	{ "uv": [ 3.67, 0.5, 4.33, 1 ], "texture": "#layer" }
			}
		},
		{
			"from": [ 4, 11, 6 ],
			"to": [ 6, 13, 7 ],
			"faces": {
				"east":	{ "uv": [ 5, 1, 5.33, 2 ], "texture": "#layer" },
				"north":{ "uv": [ 5.33, 1, 6, 2 ], "texture": "#layer" },
				"west":	{ "uv": [ 6, 1, 6.33, 2 ], "texture": "#layer" },
				"south":{ "uv": [ 6.33, 1, 7, 2 ], "texture": "#layer" },
				"up":	{ "uv": [ 5.33, 0.5, 6, 1 ], "texture": "#layer", "rotation": 180},
				"down":	{ "uv": [ 6, 0.5, 6.67, 1 ], "texture": "#layer" }
			}
		}
	]
}
