{
	"parent": "block/block",
	"display": {
		"head": {
			"scale": [ 0.901, 0.901, 0.901 ]
		},
		"fixed": {
			"translation": [ 0, 0, -6],
			"scale": [1, 1, 1 ]
		},
		"gui": {
			"rotation": [ 30, 225, 0 ],
			"scale": [ 0.5, 0.5, 0.5 ]
		}
	},
	"elements": [
		{
			"from": [ 0, 0, 0 ],
			"to": [ 16, 16, 16 ],
			"faces": {
				"east":	{ "uv": [ 0, 4, 2, 8 ], "texture": "#layer" },
				"north":{ "uv": [ 2, 4, 4, 8 ], "texture": "#layer" },
				"west":	{ "uv": [ 4, 4, 6, 8 ], "texture": "#layer" },
				"south":{ "uv": [ 6, 4, 8, 8 ], "texture": "#layer" },
				"up":	{ "uv": [ 2, 0, 4, 4 ], "texture": "#layer", "rotation": 180},
				"down":	{ "uv": [ 4, 0, 6, 4 ], "texture": "#layer" }
			}
		}
	]
}
