{
	"parent": "block/block",
	"display": {
		"head": {
			"scale": [ 0.901, 0.901, 0.901 ]
		},
		"fixed": {
			"translation": [ 0, 0, -6],
			"scale": [1, 1, 1 ]
		},
		"gui": {
			"rotation": [ 30, 225, 0 ],
			"translation": [ 0, -0.5, 0],
			"scale": [ 0.4, 0.4, 0.4 ]
		}
	},
	"textures": {
		"particle": "entity/iron_golem/iron_golem",
		"layer": "entity/iron_golem/iron_golem"
	},
	"elements": [
		{
			"from": [ 0, 0, 0 ],
			"to": [ 16, 20, 16 ],
			"faces": {
				"east":	{ "uv": [ 0, 1, 1, 2.25 ], "texture": "#layer" },
				"north":{ "uv": [ 1, 1, 2, 2.25 ], "texture": "#layer" },
				"west":	{ "uv": [ 2, 1, 3, 2.25 ], "texture": "#layer" },
				"south":{ "uv": [ 3, 1, 4, 2.25 ], "texture": "#layer" },
				"up":	{ "uv": [ 1, 0, 2, 1 ], "texture": "#layer", "rotation": 180},
				"down":	{ "uv": [ 2, 0, 3, 1 ], "texture": "#layer" }
			}
		},
		{
			"from": [ 6, -2, -4 ],
			"to": [ 10, 6, 0 ],
			"faces": {
				"east":	{ "uv": [ 2, 1.25, 2.25, 1.75 ], "texture": "#layer" },
				"north":{ "uv": [ 2.25, 1.25, 2.5, 1.75 ], "texture": "#layer" },
				"west":	{ "uv": [ 2.5, 1.25, 2.75, 1.75 ], "texture": "#layer" },
				"south":{ "uv": [ 2.75, 1.25, 3, 1.75 ], "texture": "#layer" },
				"up":	{ "uv": [ 2.25, 1, 2.5, 1.25 ], "texture": "#layer", "rotation": 180},
				"down":	{ "uv": [ 2.5, 1, 2.75, 1.25 ], "texture": "#layer" }
			}
		}
	]
}
