{
	"parent": "block/block",
	"display": {
		"head": {
			"scale": [ 1.601, 1.601, 1.601 ]
		},
		"fixed": {
			"translation": [ 0, 0, -6],
			"scale": [1.778, 1.778, 1.778 ]
		},
		"gui": {
			"rotation": [ 30, 225, 0 ],
			"scale": [ 0.62, 0.62, 0.62 ]
		}
	},
	"textures": {
		"particle": "entity/panda/panda",
		"layer": "entity/panda/panda"
	},
	"elements": [
		{
			"from": [ 1.5, 3, 3.5 ],
			"to": [ 14.5, 13, 12.5 ],
			"faces": {
				"east":	{ "uv": [ 0, 3.75, 2.25, 6.25 ], "texture": "#layer" },
				"north":{ "uv": [ 2.25, 3.75, 5.5, 6.25 ], "texture": "#layer"},
				"west":	{ "uv": [ 5.5, 3.75, 7.75, 6.25 ], "texture": "#layer" },
				"south":{ "uv": [ 7.75, 3.75, 11, 6.25 ], "texture": "#layer" },
				"up":	{ "uv": [ 2.25, 1.5, 5.5, 3.75 ], "texture": "#layer", "rotation": 180},
				"down":	{ "uv": [ 5.5, 1.5, 8.75, 3.75 ], "texture": "#layer" }
			}
		},
		{
			"from": [ 4.5, 3, 1.5 ],
			"to": [ 11.5, 8, 3.5 ],
			"faces": {
				"east":	{ "uv": [ 11.25, 4.5, 11.75, 5.75 ], "texture": "#layer" },
				"north":{ "uv": [ 11.75, 4.5, 13.5, 5.75 ], "texture": "#layer"},
				"west":	{ "uv": [ 13.5, 4.5, 14, 5.75 ], "texture": "#layer" },
				"south":{ "uv": [ 14, 4.5, 15.75, 5.75 ], "texture": "#layer" },
				"up":	{ "uv": [ 11.75, 4, 13.5, 4.5 ], "texture": "#layer", "rotation": 180},
				"down":	{ "uv": [ 13.5, 4, 15.25, 4.5 ], "texture": "#layer" }
			}
		},
		{
			"from": [ -0.5, 12, 7.5 ],
			"to": [ 4.5, 15, 8.5 ],
			"faces": {
				"east":	{ "uv": [ 13, 6.5, 13.25, 7.5 ], "texture": "#layer" },
				"north":{ "uv": [ 13.25, 6.5, 14.5, 7.5 ], "texture": "#layer"},
				"west":	{ "uv": [ 14.5, 6.5, 14.75, 7.5 ], "texture": "#layer" },
				"south":{ "uv": [ 14.75, 6.5, 16, 7.5 ], "texture": "#layer" },
				"up":	{ "uv": [ 13.25, 6.25, 14.5, 6.5 ], "texture": "#layer", "rotation": 180},
				"down":	{ "uv": [ 14.5, 6.25, 15.75, 6.5 ], "texture": "#layer" }
			}
		},
		{
			"from": [ 11.5, 12, 7.5 ],
			"to": [ 16.5, 15, 8.5 ],
			"faces": {
				"east":	{ "uv": [ 13, 6.5, 13.25, 7.5 ], "texture": "#layer" },
				"north":{ "uv": [ 13.25, 6.5, 14.5, 7.5 ], "texture": "#layer"},
				"west":	{ "uv": [ 14.5, 6.5, 14.75, 7.5 ], "texture": "#layer" },
				"south":{ "uv": [ 14.75, 6.5, 16, 7.5 ], "texture": "#layer" },
				"up":	{ "uv": [ 13.25, 6.25, 14.5, 6.5 ], "texture": "#layer", "rotation": 180},
				"down":	{ "uv": [ 14.5, 6.25, 15.75, 6.5 ], "texture": "#layer" }
			}
		}
	]
}
