{
	"parent": "block/block",
	"display": {
		"head": {
			"scale": [ 0.901, 0.901, 0.901 ]
		},
		"fixed": {
			"translation": [ 0, 0, -6],
			"scale": [1, 1, 1 ]
		},
		"gui": {
			"rotation": [ 30, 225, 0 ],
			"scale": [ 0.5, 0.5, 0.5 ]
		}
	},
	"elements": [
		{
			"from": [ -2, 0, 0 ],
			"to": [ 18, 16, 16 ],
			"faces": {
				"east":	{ "uv": [ 0, 2, 2, 4 ], "texture": "#layer" },
				"north":{ "uv": [ 2, 2, 4.5, 4 ], "texture": "#layer" },
				"west":	{ "uv": [ 4.5, 2, 6.5, 4 ], "texture": "#layer" },
				"south":{ "uv": [ 6.5, 2, 9, 4 ], "texture": "#layer" },
				"up":	{ "uv": [ 2, 0, 4.5, 2 ], "texture": "#layer", "rotation": 180},
				"down":	{ "uv": [ 4.5, 0, 7, 2 ], "texture": "#layer" }
			}
		},
		{
			"from": [ 4, 0, -2 ],
			"to": [ 12, 8, 0 ],
			"faces": {
				"east":	{ "uv": [ 3.875, 0.5, 4, 1.5 ], "texture": "#layer" },
				"north":{ "uv": [ 4, 0.5, 4.5, 1.5 ], "texture": "#layer" },
				"west":	{ "uv": [ 4.5, 0.5, 4.125, 1.5 ], "texture": "#layer" },
				"south":{ "uv": [ 4.125, 0.5, 4.625, 1.5 ], "texture": "#layer" },
				"up":	{ "uv": [ 4, 0.25, 4.5, 0.5 ], "texture": "#layer", "rotation": 180},
				"down":	{ "uv": [ 4.5, 0.25, 5.5, 0.5 ], "texture": "#layer" }
			}
		},
		{
			"from": [ 2, 0, -2 ],
			"to": [ 4, 4, 0 ],
			"faces": {
				"east":	{ "uv": [ 0.25, 0.25, 0.375, 0.75 ], "texture": "#layer" },
				"north":{ "uv": [ 0.375, 0.25, 0.5, 0.75 ], "texture": "#layer" },
				"west":	{ "uv": [ 0.5, 0.25, 0.625, 0.75 ], "texture": "#layer" },
				"south":{ "uv": [ 0.625, 0.25, 0.75, 0.75 ], "texture": "#layer" },
				"up":	{ "uv": [ 0.375, 0, 0.5, 0.25 ], "texture": "#layer", "rotation": 180},
				"down":	{ "uv": [ 0.5, 0, 0.625, 0.25 ], "texture": "#layer" }
			}
		},
		{
			"from": [ 12, 0, -2 ],
			"to": [ 14, 4, 0 ],
			"faces": {
				"east":	{ "uv": [ 0.25, 1.25, 0.375, 1.75 ], "texture": "#layer" },
				"north":{ "uv": [ 0.375, 1.25, 0.5, 1.75 ], "texture": "#layer" },
				"west":	{ "uv": [ 0.5, 1.25, 0.625, 1.75 ], "texture": "#layer" },
				"south":{ "uv": [ 0.625, 1.25, 0.75, 1.75 ], "texture": "#layer" },
				"up":	{ "uv": [ 0.375, 1, 0.5, 1.25 ], "texture": "#layer", "rotation": 180},
				"down":	{ "uv": [ 0.5, 1, 0.625, 1.25 ], "texture": "#layer" }
			}
		},
		{
			"from": [ -4, 2, 4 ],
			"to": [ -2, 12, 12 ],
			"rotation": {
				"origin": [-2, 9, 8], "axis": "z", "angle": -22.5
			},
			"faces": {
				"east":	{ "uv": [ 9.75, 2.5, 10.75, 3.75 ], "texture": "#layer" },
				"north":{ "uv": [ 10.75, 2.5, 11, 3.75 ], "texture": "#layer"},
				"west":	{ "uv": [ 11, 2.5, 11.25, 3.75 ], "texture": "#layer" },
				"south":{ "uv": [ 11.25, 2.5, 12.25, 3.75 ], "texture": "#layer" },
				"up":	{ "uv": [ 10.75, 1.5, 11, 2.5 ], "texture": "#layer", "rotation": 180},
				"down":	{ "uv": [ 11, 1.5, 11.25, 2.5 ], "texture": "#layer" }
			}
		},
		{
			"from": [ 18, 2, 4 ],
			"to": [ 20, 12, 12 ],
			"rotation": {
				"origin": [18, 9, 8], "axis": "z", "angle": 22.5
			},
			"faces": {
				"east":	{ "uv": [ 12.75, 2.5, 13.75, 3.75 ], "texture": "#layer" },
				"north":{ "uv": [ 13.75, 2.5, 14, 3.75 ], "texture": "#layer"},
				"west":	{ "uv": [ 14, 2.5, 14.25, 3.75 ], "texture": "#layer" },
				"south":{ "uv": [ 14.25, 2.5, 15.25, 3.75 ], "texture": "#layer" },
				"up":	{ "uv": [ 13.75, 1.5, 14, 2.5 ], "texture": "#layer", "rotation": 180},
				"down":	{ "uv": [ 14, 1.5, 14.25, 2.5 ], "texture": "#layer" }
			}
		}
	],
	"textures": {
		"particle": "entity/piglin/piglin",
		"layer": "entity/piglin/piglin"
	}
}
