{
	"parent": "block/block",
	"display": {
		"head": {
			"scale": [ 1.029, 1.029, 1.029 ]
		},
		"fixed": {
			"translation": [ 0, 0, -6],
			"scale": [1.143, 1.143, 1.143 ]
		},
		"gui": {
			"rotation": [ 30, 225, 0 ],
			"scale": [ 0.5, 0.5, 0.5 ]
		}
	},
	"textures": {
		"particle": "entity/bear/polarbear",
		"layer": "entity/bear/polarbear"
	},
	"elements": [
		{
			"from": [ 1, 1, 1 ],
			"to": [ 15, 15, 15 ],
			"faces": {
				"east":	{ "uv": [ 0, 1.75, 0.875, 3.5], "texture": "#layer" },
				"north":{ "uv": [ 0.875, 1.75, 1.75, 3.5], "texture": "#layer" },
				"west":	{ "uv": [ 1.75, 1.75, 2.625, 3.5], "texture": "#layer" },
				"south":{ "uv": [ 2.625, 1.75, 3.5, 3.5 ], "texture": "#layer" },
				"up":	{ "uv": [ 0.875, 0, 1.75, 1.75 ], "texture": "#layer" },
				"down":	{ "uv": [ 1.75, 0, 2.625, 1.75 ], "texture": "#layer" }
			}
		},
		{
			"from": [ 3, 1, -5 ],
			"to": [ 13, 7, 1 ],
			"faces": {
				"east":	{ "uv": [ 0, 11.75, 0.375, 12.5], "texture": "#layer" },
				"north":{ "uv": [ 0.375, 11.75, 1, 12.5], "texture": "#layer" },
				"west":	{ "uv": [ 1, 11.75, 1.375, 12.5], "texture": "#layer" },
				"south":{ "uv": [ 1.375, 12.75, 2, 12.5 ], "texture": "#layer" },
				"up":	{ "uv": [ 0.375, 11, 1, 11.75 ], "texture": "#layer" },
				"down":	{ "uv": [ 1, 11, 1.625, 11.75 ], "texture": "#layer" }
			}
		},
		{
			"from": [ -1, 13, 6 ],
			"to": [ 3, 16, 8 ],
			"faces": {
				"east":	{ "uv": [ 3.25, 0.25, 3.375, 0.75], "texture": "#layer" },
				"north":{ "uv": [ 3.375, 0.25, 3.625, 0.75], "texture": "#layer" },
				"west":	{ "uv": [ 3.625, 0.25, 3.75, 0.75], "texture": "#layer" },
				"south":{ "uv": [ 3.75, 0.25, 3.875, 0.75 ], "texture": "#layer" },
				"up":	{ "uv": [ 3.375, 0, 3.625, 0.25 ], "texture": "#layer" },
				"down":	{ "uv": [ 3.625, 0, 3.875, 0.25 ], "texture": "#layer" }
			}
		},
		{
			"from": [ 13, 13, 6 ],
			"to": [ 17, 16, 8 ],
			"faces": {
				"east":	{ "uv": [ 3.25, 0.25, 3.375, 0.75], "texture": "#layer" },
				"north":{ "uv": [ 3.375, 0.25, 3.625, 0.75], "texture": "#layer" },
				"west":	{ "uv": [ 3.625, 0.25, 3.75, 0.75], "texture": "#layer" },
				"south":{ "uv": [ 3.75, 0.25, 3.875, 0.75 ], "texture": "#layer" },
				"up":	{ "uv": [ 3.375, 0, 3.625, 0.25 ], "texture": "#layer" },
				"down":	{ "uv": [ 3.625, 0, 3.875, 0.25 ], "texture": "#layer" }
			}
		}
	]
}
