{
	"parent": "block/block",
	"display": {
		"head": {
			"scale": [ 0.901, 0.901, 0.901 ]
		},
		"fixed": {
			"translation": [ 0, 0, -6],
			"scale": [1, 1, 1 ]
		},
		"gui": {
			"rotation": [ 30, 225, 0 ],
			"scale": [ 0.5, 0.5, 0.5 ]
		}
	},
	"textures": {
		"particle": "entity/illager/ravager",
		"layer": "entity/illager/ravager"
	},
	"elements": [
		{
			"from": [ 0, -4, 0 ],
			"to": [ 16, 16, 16 ],
			"faces": {
				"east":	{ "uv": [ 0, 2, 2, 4.5 ], "texture": "#layer" },
				"north":{ "uv": [ 2, 2, 4, 4.5 ], "texture": "#layer"},
				"west":	{ "uv": [ 4, 2, 6, 4.5 ], "texture": "#layer" },
				"south":{ "uv": [ 6, 2, 8, 4.5 ], "texture": "#layer" },
				"up":	{ "uv": [ 2, 0, 4, 2   ], "texture": "#layer", "rotation": 180}
			}
		},
		{
			"from": [ 0, -7, 0 ],
			"to": [ 16, -4, 16 ],
			"faces": {
				"east":	{ "uv": [ 0, 6.5, 2, 6.875 ], "texture": "#layer" },
				"north":{ "uv": [ 2, 6.5, 4, 6.875 ], "texture": "#layer"},
				"west":	{ "uv": [ 4, 6.5, 6, 6.875 ], "texture": "#layer" },
				"south":{ "uv": [ 6, 6.5, 8, 6.875 ], "texture": "#layer" },
				"down":	{ "uv": [ 4, 4.5, 6, 6.5 ], "texture": "#layer" }
			}
		},
		{
			"from": [ 6, 4, -4 ],
			"to": [ 10, -4, 0 ],
			"faces": {
				"east":	{ "uv": [ 0, 0.5, 0.5, 1 ], "texture": "#layer" },
				"north":{ "uv": [ 0.5, 0.5, 1, 1 ], "texture": "#layer"},
				"west":	{ "uv": [ 1, 0.5, 1.5, 1 ], "texture": "#layer" },
				"south":{ "uv": [ 1.5, 0.5, 2, 1 ], "texture": "#layer" },
				"up":	{ "uv": [ 0.5, 0, 1, 0.5 ], "texture": "#layer", "rotation": 180},
				"down":	{ "uv": [ 1, 0, 1.5, 0.5 ], "texture": "#layer" }
			}
		},
		{
			"from": [ -2, 8, -6 ],
			"to": [ 0, 12, 8 ],
			"rotation": {
				"origin": [-1, 10, 3], "axis": "x", "angle": 22.5
			},
			"faces": {
				"east":	{ "uv": [ 9.25, 7.375, 9.75, 9.125 ], "texture": "#layer", "rotation": 90 },
				"down":{ "uv": [ 9.75, 7.375, 10, 9.125 ], "texture": "#layer", "rotation": 180 },
				"west":	{ "uv": [ 10, 7.375, 10.5, 9.125 ], "texture": "#layer", "rotation": 270 },
				"up":{ "uv": [ 10.5, 7.375, 10.75, 9.125 ], "texture": "#layer"},
				"north":	{ "uv": [ 9.75, 6.875, 10, 7.375 ], "texture": "#layer"},
				"south":	{ "uv": [ 10, 6.875, 10.25, 7.375 ], "texture": "#layer", "rotation": 90 }
			}
		},
		{
			"from": [ 16, 8, -6 ],
			"to": [ 18, 12, 8 ],
			"rotation": {
				"origin": [17, 10, 3], "axis": "x", "angle": 22.5
			},
			"faces": {
				"east":	{ "uv": [ 9.25, 7.375, 9.75, 9.125 ], "texture": "#layer", "rotation": 90 },
				"down":{ "uv": [ 9.75, 7.375, 10, 9.125 ], "texture": "#layer", "rotation": 180 },
				"west":	{ "uv": [ 10, 7.375, 10.5, 9.125 ], "texture": "#layer", "rotation": 270 },
				"up":{ "uv": [ 10.5, 7.375, 10.75, 9.125 ], "texture": "#layer"},
				"north":	{ "uv": [ 9.75, 6.875, 10, 7.375 ], "texture": "#layer"},
				"south":	{ "uv": [ 10, 6.875, 10.25, 7.375 ], "texture": "#layer", "rotation": 90 }
			}
		}
	]
}
