{
	"parent": "block/block",
	"display": {
		"head": {
			"scale": [ 0.901, 0.901, 0.901 ]
		},
		"fixed": {
			"translation": [ 0, 0, -6],
			"scale": [1, 1, 1 ]
		},
		"gui": {
			"rotation": [ 30, 225, 0 ],
			"scale": [ 0.5, 0.5, 0.5 ]
		}
	},
	"textures": {
		"particle": "entity/slime/slime",
		"layer": "entity/slime/slime"
	},
	"elements": [
		{
			"from": [ 2, 2, 2 ],
			"to": [ 14, 14, 14 ],
			"faces": {
				"east":	{ "uv": [ 0, 11, 1.5, 14 ], "texture": "#layer" },
				"north":{ "uv": [ 1.5, 11, 3, 14 ], "texture": "#layer"},
				"west":	{ "uv": [ 3, 11, 4.5, 14 ], "texture": "#layer" },
				"south":{ "uv": [ 4.5, 11, 6, 14 ], "texture": "#layer" },
				"up":	{ "uv": [ 1.5, 8, 3, 11 ], "texture": "#layer", "rotation": 180},
				"down":	{ "uv": [ 3, 8, 4.5, 11 ], "texture": "#layer" }
			}
		},
		{
			"from": [ 1.8, 8, 1 ],
			"to": [ 5.8, 12, 5 ],
			"faces": {
				"east":	{ "uv": [ 8, 1, 8.5, 2 ], "texture": "#layer" },
				"north":{ "uv": [ 8.5, 1, 9, 2 ], "texture": "#layer"},
				"west":	{ "uv": [ 9, 1, 9.5, 2 ], "texture": "#layer" },
				"south":{ "uv": [ 9.5, 1, 10, 2 ], "texture": "#layer" },
				"up":	{ "uv": [ 8.5, 0, 9, 1 ], "texture": "#layer", "rotation": 180},
				"down":	{ "uv": [ 9, 0, 9.5, 1 ], "texture": "#layer" }
			}
		},
		{
			"from": [ 10.2, 8, 1 ],
			"to": [ 14.2, 12, 5 ],
			"faces": {
				"east":	{ "uv": [ 8, 3, 8.5, 4 ], "texture": "#layer" },
				"north":{ "uv": [ 8.5, 3, 9, 4 ], "texture": "#layer"},
				"west":	{ "uv": [ 9, 3, 9.5, 4 ], "texture": "#layer" },
				"south":{ "uv": [ 9.5, 3, 10, 4 ], "texture": "#layer" },
				"up":	{ "uv": [ 8.5, 2, 9, 3 ], "texture": "#layer", "rotation": 180},
				"down":	{ "uv": [ 9, 2, 9.5, 3 ], "texture": "#layer" }
			}
		},
		{
			"from": [ 6, 4, 1 ],
			"to": [ 8, 6, 5 ],
			"faces": {
				"east":	{ "uv": [ 8, 4.5, 8.25, 5 ], "texture": "#layer" },
				"north":{ "uv": [ 8.25, 4.5, 8.5, 5 ], "texture": "#layer"},
				"west":	{ "uv": [ 8.5, 4.5, 8.75, 5 ], "texture": "#layer" },
				"south":{ "uv": [ 8.75, 4.5, 9, 5 ], "texture": "#layer" },
				"up":	{ "uv": [ 8.25, 4, 8.5, 4.5 ], "texture": "#layer", "rotation": 180},
				"down":	{ "uv": [ 8.5, 4, 9, 4.5 ], "texture": "#layer" }
			}
		},
		{
			"from": [ 0, 0, 0 ],
			"to": [ 16, 16, 16 ],
			"faces": {
				"east":	{ "uv": [ 0, 4, 2, 8 ], "texture": "#layer" },
				"north":{ "uv": [ 2, 4, 4, 8 ], "texture": "#layer"},
				"west":	{ "uv": [ 4, 4, 6, 8 ], "texture": "#layer" },
				"south":{ "uv": [ 6, 4, 8, 8 ], "texture": "#layer" },
				"up":	{ "uv": [ 2, 0, 4, 4 ], "texture": "#layer", "rotation": 180},
				"down":	{ "uv": [ 4, 0, 6, 4 ], "texture": "#layer" }
			}
		}
	]
}
