{
	"parent": "block/block",
	"display": {
		"head": {
			"scale": [ 0.901, 0.901, 0.901 ]
		},
		"fixed": {
			"translation": [ 0, 0, -6],
			"scale": [1, 1, 1 ]
		},
		"gui": {
			"rotation": [ 30, 225, 0 ],
			"scale": [ 0.5, 0.5, 0.5 ]
		}
	},
	"elements": [
		{
			"from": [ 0, 0, 0 ],
			"to": [ 16, 16, 16 ],
			"faces": {
				"east":	{ "uv": [  8, 6, 10, 10 ], "texture": "#layer" },
				"north":{ "uv": [ 10, 6, 12, 10 ], "texture": "#layer" },
				"west":	{ "uv": [ 12, 6, 14, 10 ], "texture": "#layer" },
				"south":{ "uv": [ 12, 2, 14,  6 ], "texture": "#layer" },
				"up":	{ "uv": [ 10, 2, 12,  6 ], "texture": "#layer", "rotation": 180},
				"down":	{ "uv": [ 12, 2, 14,  6 ], "texture": "#layer" }
			}
		}
	]
}
