{
	"parent": "block/block",
	"display": {
		"head": {
			"scale": [ 0.901, 0.901, 0.901 ]
		},
		"fixed": {
			"translation": [ 0, 0, -6],
			"scale": [1, 1, 1 ]
		},
		"gui": {
			"rotation": [ 30, 225, 0 ],
			"translation": [ 0, -0.5, 0],
			"scale": [ 0.4, 0.4, 0.4 ]
		}
	},
	"elements": [
		{
			"from": [ 0, 0, 0 ],
			"to": [ 16, 20, 16 ],
			"faces": {
				"east":	{ "uv": [ 0, 2, 2, 4.5 ], "texture": "#layer" },
				"north":{ "uv": [ 2, 2, 4, 4.5 ], "texture": "#layer" },
				"west":	{ "uv": [ 4, 2, 6, 4.5 ], "texture": "#layer" },
				"south":{ "uv": [ 6, 2, 8, 4.5 ], "texture": "#layer" },
				"up":	{ "uv": [ 2, 0, 4, 2 ], "texture": "#layer", "rotation": 180},
				"down":	{ "uv": [ 4, 0, 6, 2 ], "texture": "#layer" }
			}
		},
		{
			"from": [ 6, -2, -4 ],
			"to": [ 10, 6, 0 ],
			"faces": {
				"east":	{ "uv": [ 4, 2.5, 4.5, 3.5 ], "texture": "#layer" },
				"north":{ "uv": [ 4.5, 2.5, 5, 3.5 ], "texture": "#layer" },
				"west":	{ "uv": [ 5, 2.5, 5.5, 3.5 ], "texture": "#layer" },
				"south":{ "uv": [ 5.5, 2.5, 6, 3.5 ], "texture": "#layer" },
				"up":	{ "uv": [ 4.5, 2, 5, 2.5 ], "texture": "#layer", "rotation": 180},
				"down":	{ "uv": [ 5, 2, 5.5, 2.5 ], "texture": "#layer" }
			}
		}
	]
}
