{
	"parent": "block/block",
	"display": {
		"head": {
			"scale": [ 1.801, 1.801, 1.801],
			"translation": [ 0, 0, -3.602]
		},
		"fixed": {
			"translation": [ 0, 0, -6],
			"scale": [2, 2, 2 ]
		},
		"gui": {
			"rotation": [ 30, 225, 0 ],
			"scale": [ 0.67, 0.67, 0.67 ]
		}
	},
	"textures": {
		"particle": "entity/wolf/wolf",
		"layer": "entity/wolf/wolf"
	},
	"elements": [
		{
			"from": [ 2, 2, 6 ],
			"to": [ 14, 14, 14 ],
			"faces": {
				"east":	{ "uv": [ 0  , 2, 1  , 5 ], "texture": "#layer" },
				"north":{ "uv": [ 1  , 2, 2.5, 5 ], "texture": "#layer" },
				"west":	{ "uv": [ 2.5, 2, 3.5, 5 ], "texture": "#layer" },
				"south":{ "uv": [ 3.5, 2, 5  , 5 ], "texture": "#layer" },
				"up":	{ "uv": [ 1  , 0, 2.5, 2 ], "texture": "#layer", "rotation": 180},
				"down":	{ "uv": [ 2.5, 0, 4  , 2 ], "texture": "#layer" }
			}
		},
		{
			"from": [ 5, 2, 0 ],
			"to": [ 11, 8, 6 ],
			"faces": {
				"east":	{ "uv": [ 0   , 7, 1   , 8.5 ], "texture": "#layer" },
				"north":{ "uv": [ 1   , 7, 1.75, 8.5 ], "texture": "#layer" },
				"west":	{ "uv": [ 1.75, 7, 2.75, 8.5 ], "texture": "#layer" },
				"south":{ "uv": [ 2.75, 7, 3.5 , 8.5 ], "texture": "#layer" },
				"up":	{ "uv": [ 1   , 5, 1.75, 7   ], "texture": "#layer", "rotation": 180},
				"down":	{ "uv": [ 1.75, 5, 2.5 , 7   ], "texture": "#layer" }
			}
		},
		{
			"from": [ 2, 14, 10 ],
			"to": [ 6, 18, 12 ],
			"faces": {
				"east":	{ "uv": [ 4   , 7.5, 4.25, 8.5 ], "texture": "#layer" },
				"north":{ "uv": [ 4.25, 7.5, 4.75, 8.5 ], "texture": "#layer" },
				"west":	{ "uv": [ 4.75, 7.5, 5   , 8.5 ], "texture": "#layer" },
				"south":{ "uv": [ 5   , 7.5, 5.5 , 8.5 ], "texture": "#layer" },
				"up":	{ "uv": [ 4.25, 7  , 4.75, 7.5  ], "texture": "#layer", "rotation": 180},
				"down":	{ "uv": [ 4.75, 7  , 5.25, 7.5 ], "texture": "#layer" }
			}
		},
		{
			"from": [ 10, 14, 10 ],
			"to": [ 14, 18, 12 ],
			"faces": {
				"east":	{ "uv": [ 4   , 7.5, 4.25, 8.5 ], "texture": "#layer" },
				"north":{ "uv": [ 4.25, 7.5, 4.75, 8.5 ], "texture": "#layer" },
				"west":	{ "uv": [ 4.75, 7.5, 5   , 8.5 ], "texture": "#layer" },
				"south":{ "uv": [ 5   , 7.5, 5.5 , 8.5 ], "texture": "#layer" },
				"up":	{ "uv": [ 4.25, 7  , 4.75, 7.5  ], "texture": "#layer", "rotation": 180},
				"down":	{ "uv": [ 4.75, 7  , 5.25, 7.5 ], "texture": "#layer" }
			}
		}
	]
}
