{
	"parent": "block/block",
	"textures": {
		"particle": "entity/zombie/zombie_villager",
		"layer": "entity/zombie/zombie_villager"
	},
	"display": {
		"head": {
			"scale": [ 0.901, 0.901, 0.901 ]
		},
		"fixed": {
			"translation": [ 0, 0, -6],
			"scale": [1, 1, 1 ]
		},
		"gui": {
			"rotation": [ 30, 225, 0 ],
			"translation": [ 0, -0.5, 0],
			"scale": [ 0.4, 0.4, 0.4 ]
		}
	},
	"elements": [
		{
			"from": [ 0, 0, 0 ],
			"to": [ 16, 20, 16 ],
			"faces": {
				"east":	{ "uv": [ 0, 10, 2, 12.5 ], "texture": "#layer" },
				"north":{ "uv": [ 2, 10, 4, 12.5 ], "texture": "#layer" },
				"west":	{ "uv": [ 4, 10, 6, 12.5 ], "texture": "#layer" },
				"south":{ "uv": [ 6, 10, 8, 12.5 ], "texture": "#layer" },
				"up":	{ "uv": [ 2, 8, 4, 10 ], "texture": "#layer", "rotation": 180},
				"down":	{ "uv": [ 4, 8, 6, 10 ], "texture": "#layer" }
			}
		},
		{
			"from": [ 6, -2, -4 ],
			"to": [ 10, 6, 0 ],
			"faces": {
				"east":	{ "uv": [ 4, 10.5, 4.5, 11.5 ], "texture": "#layer" },
				"north":{ "uv": [ 4.5, 10.5, 5, 11.5 ], "texture": "#layer" },
				"west":	{ "uv": [ 5, 10.5, 5.5, 11.5 ], "texture": "#layer" },
				"south":{ "uv": [ 5.5, 10.5, 6, 11.5 ], "texture": "#layer" },
				"up":	{ "uv": [ 4.5, 10, 5, 10.5 ], "texture": "#layer", "rotation": 180},
				"down":	{ "uv": [ 5, 10, 5.5, 10.5 ], "texture": "#layer" }
			}
		}
	]
}
