{
	"parent": "block/block",
	"display": {
		"head": {
			"scale": [ 1.801, 1.801, 1.801 ]
		},
		"gui": {
			"rotation": [ 30, 225, 0 ],
			"translation": [ 0, 0, 0],
			"scale": [ 0.8, 0.8, 0.8 ]
		},
		"fixed": {
			"translation": [ 0, 0, -6],
			"scale": [2,2,2 ]
		}
	},
	"elements": [
		{
			"from": [ 3, 4, 3 ],
			"to": [ 13, 12, 13 ],
			"faces": {
				"down":	{ "uv": [ 2.5, 0, 3.75, 2.5 ], "texture": "#layer" },
				"up":	{ "uv": [ 1.25, 0, 2.5, 2.5 ], "texture": "#layer", "rotation": 180},
				"north":{ "uv": [ 1.25, 2.5, 2.5, 4.5 ], "texture": "#layer" },
				"south":{ "uv": [ 3.75, 2.5, 5, 4.5 ], "texture": "#layer" },
				"west":	{ "uv": [ 2.5, 2.5, 3.75, 4.5 ], "texture": "#layer" },
				"east":	{ "uv": [ 0, 2.5, 1.25, 4.5 ], "texture": "#layer" }
			}
		},
		{
			"from": [ 5, 4, 1 ],
			"to": [ 11, 8, 3 ],
			"faces": {
				"down":	{ "uv": [ 1.25, 12.5, 2, 13 ], "texture": "#layer" },
				"up":	{ "uv": [ 0.5, 12.5, 1.25, 13 ], "texture": "#layer", "rotation": 180},
				"north":{ "uv": [ 0.5, 13, 1.25, 14 ], "texture": "#layer" },
				"west":	{ "uv": [ 1.25, 13, 1.5, 14 ], "texture": "#layer" },
				"east":	{ "uv": [ 0.25, 13, 0.5, 14 ], "texture": "#layer" }
			}
		},
		{
			"from": [ 10, 12, 9 ],
			"to": [ 12, 14, 13 ],
			"faces": {
				"up":	{ "uv": [ 0.5, 5, 0.75, 6 ], "texture": "#layer", "rotation": 90},
				"north":{ "uv": [ 0.5, 6, 0.75, 6.5 ], "texture": "#layer" },
				"south":{ "uv": [ 1.25, 6, 1.5, 6.5 ], "texture": "#layer" },
				"west":	{ "uv": [ 0.75, 6, 1.25, 6.5 ], "texture": "#layer" },
				"east":	{ "uv": [ 0, 6, 0.5, 6.5 ], "texture": "#layer" }
			}
		},
		{
			"from": [ 4, 12, 9 ],
			"to": [ 6, 14, 13 ],
			"faces": {
				"up":	{ "uv": [ 2, 5, 2.25, 6 ], "texture": "#layer", "rotation": 90},
				"north":{ "uv": [ 2, 6, 2.25, 6.5 ], "texture": "#layer" },
				"south":{ "uv": [ 2.75, 6, 3, 6.5 ], "texture": "#layer" },
				"west":	{ "uv": [ 2.25, 6, 2.75, 6.5 ], "texture": "#layer" },
				"east":	{ "uv": [ 1.5, 6, 2, 6.5 ], "texture": "#layer" }
			}
		}
	]
}
