{
	"parent": "item/generated",
	"display": {
		"gui": {
			"scale":[ 0.5, 1, 1]
		},
		"fixed": {
			"rotation": [ -90, 0, 0 ],
			"translation": [ 0, 0, -32],
			"scale":[ 2, 4, 0.1]
		},
        "ground": {
            "rotation": [ 0, 0, 0 ],
            "translation": [ 0, 2, 0],
            "scale":[ 0.5, 1, 0.1 ]
        },
		"head": {
			"rotation": [ -90, 0, 0 ],
			"translation": [ 0, -12.4, 18.3 ],
			"scale": [ 2, 4, 0.1 ]
		},
        "thirdperson_righthand": {
            "rotation": [ 0, 0, 0 ],
            "translation": [ 0, 3, 1 ],
            "scale": [ 0.275, 0.55 , 0.1 ]
        },
        "firstperson_righthand": {
            "rotation": [ 0, -90, 25 ],
            "translation": [ 1.13, 3.2, 1.13],
            "scale": [ 0.34, 0.68 , 0.1 ]
        }
    }
}